<?xml version="1.0" encoding="UTF-8" ?>
<!DOCTYPE mapper
  PUBLIC "-//mybatis.org//DTD Mapper 3.0//EN"
  "https://mybatis.org/dtd/mybatis-3-mapper.dtd">
<mapper namespace="com.ssafit.board.model.dao.FavoriteChannelDao">
	
	<!-- 구독 채널 조회   -->
	<select id="selectFavChannels" resultType="String" parameterType="String">
		SELECT channelName FROM favoriteChannels WHERE userID = #{userID};
	</select>
	
	<!-- 구독 채널 추가 -->
	<insert id="insertFavoriteChannel" parameterType="String">
		INSERT INTO favoriteChannels
		VALUES (#{userID}, #{channelName})
	</insert>
	
	<!-- 채널 구독 해제 -->
	<delete id="deleteFavoriteChannel" parameterType="String">
		DELETE FROM favoriteChannels
		WHERE (userID=#{userID} AND channelName=#{channelName})
	</delete>
	
	<select id="selectIsChannel" parameterType="String">
		SELECT count(*) FROM favoriteChannels 
		WHERE channelName = (SELECT channelName FROM videos WHERE videoID = #{videoID});
	</select>

</mapper>